{
  "phase": "14I",
  "description": "Delta tracking diagnostic report",
  "mode_comparison": {
    "kappa": {
      "raw_logderiv": {
        "benchmark": "kappa",
        "laurent_mode": "raw_logderiv",
        "R": 1.3036,
        "A": 1.126154046819208,
        "D": 0.28443648238736097,
        "delta": 0.2525733341639576,
        "B_over_A": 5.252573334163957,
        "I12_plus": 0.794073100035224,
        "I12_minus": 1.126154046819208,
        "I34_plus": -0.509636617647863,
        "delta_s12": 0.7051194303994753,
        "delta_s34": -0.4525460962355178
      },
      "pole_cancelled": {
        "benchmark": "kappa",
        "laurent_mode": "pole_cancelled",
        "R": 1.3036,
        "A": 1.299817288467049,
        "D": 0.42986161584489,
        "delta": 0.33070926172389287,
        "B_over_A": 5.330709261723893,
        "I12_plus": 0.9394982334927531,
        "I12_minus": 1.299817288467049,
        "I34_plus": -0.509636617647863,
        "delta_s12": 0.722792535403771,
        "delta_s34": -0.39208327367987816
      }
    },
    "kappa_star": {
      "raw_logderiv": {
        "benchmark": "kappa_star",
        "laurent_mode": "raw_logderiv",
        "R": 1.1167,
        "A": 0.7455884744163735,
        "D": 0.05901187396691343,
        "delta": 0.07914805015341247,
        "B_over_A": 5.079148050153412,
        "I12_plus": 0.43358948384564666,
        "I12_minus": 0.7455884744163735,
        "I34_plus": -0.37457760987873323,
        "delta_s12": 0.5815399496150323,
        "delta_s34": -0.5023918994616198
      },
      "pole_cancelled": {
        "benchmark": "kappa_star",
        "laurent_mode": "pole_cancelled",
        "R": 1.1167,
        "A": 0.8690997040873786,
        "D": 0.21965500707648722,
        "delta": 0.2527385592739809,
        "B_over_A": 5.252738559273981,
        "I12_plus": 0.5942326169552204,
        "I12_minus": 0.8690997040873786,
        "I34_plus": -0.37457760987873323,
        "delta_s12": 0.6837335396163899,
        "delta_s34": -0.430994980342409
      }
    }
  },
  "swap_matrix": [
    {
      "R_name": "\u03ba R",
      "R": 1.3036,
      "poly_name": "\u03ba polys",
      "A": 1.126154046819208,
      "D": 0.28443648238736097,
      "delta": 0.2525733341639576,
      "B_over_A": 5.252573334163957,
      "I12_plus": 0.794073100035224,
      "I12_minus": 1.126154046819208,
      "I34_plus": -0.509636617647863
    },
    {
      "R_name": "\u03ba R",
      "R": 1.3036,
      "poly_name": "\u03ba* polys",
      "A": 0.7359113081756459,
      "D": 0.1769829731741791,
      "delta": 0.24049497705494852,
      "B_over_A": 5.240494977054948,
      "I12_plus": 0.5189053624453442,
      "I12_minus": 0.7359113081756459,
      "I34_plus": -0.34192238927116514
    },
    {
      "R_name": "\u03ba* R",
      "R": 1.1167,
      "poly_name": "\u03ba polys",
      "A": 1.1409628692991263,
      "D": 0.10520614174526088,
      "delta": 0.09220820815131976,
      "B_over_A": 5.09220820815132,
      "I12_plus": 0.6635154895248365,
      "I12_minus": 1.1409628692991263,
      "I34_plus": -0.5583093477795756
    },
    {
      "R_name": "\u03ba* R",
      "R": 1.1167,
      "poly_name": "\u03ba* polys",
      "A": 0.7455884744163735,
      "D": 0.05901187396691343,
      "delta": 0.07914805015341247,
      "B_over_A": 5.079148050153412,
      "I12_plus": 0.43358948384564666,
      "I12_minus": 0.7455884744163735,
      "I34_plus": -0.37457760987873323
    }
  ]
}